User stories LT;User stories ENG;KR1 Atomiškumas ;KR2 Viso sakinio pilnumas ;KR3 Dviprasmiškumas
Aš kaip administratorius, noriu atkurti vartotojų slaptažodžius, kad galėčiau jiems padėti atgauti prieigą, jei jie pamirštų savo prisijungimo duomenis.;As an administrator, I want to reset users' passwords so I can help them regain access if they forget their login details.;1;1;1
Aš kaip administratorius, noriu sukurti blokuojamų el. paštų sąrašą, kad nesiregistruotų klientai su netikrais el. paštais. ;As an administrator, I want to create blocked emails. mailing list to prevent customers with fake e-mails from signing up. by mail.;1;1;1
Aš kaip administratorius, noriu turėti prieigą prie lankytojų statistikos, kad galėčiau analizuoti svetainės lankomumą ir efektyvumą.;As an administrator, I want to have access to visitor statistics in order to analyze the site's traffic and effectiveness.;0;1;0
Aš kaip auksinis lojalumo vartotojas, noriu gauti 30 procentų nuolaidas.;As a gold loyalty user, I want to get 30 percent discounts.;1;0;1
Aš kaip buhalteris, noriu gauti pranešimus apie naujai įkeltas paslaugų sutartis, kad galėčiau sutikrinti. ;As an accountant, I want to receive notifications of newly uploaded service contracts so that I can check them.;1;1;1
Aš kaip buhalteris, noriu matyti visas paslaugų sutartys, kad sutikrinčiau informaciją. ;As an accountant, I want to see all service contracts to reconcile information.;1;1;1
Aš kaip el. parduotuvės vartotojas, noriu matyti užsakymų istoriją, kad žinočiau savo ankstesnius užsakymus.;As an e-store user, I want to see my order history to know my previous orders.;1;1;1
Aš kaip e-parduotuvės lankytojas, noriu turėti galimybę palyginti produktus, kad galėčiau priimti geriausią sprendimą dėl pirkimo.;As a visitor to an e-shop, I want to be able to compare products in order to make the best purchase decision.;1;1;1
Aš kaip e-svetainės vartotojas, noriu gauti naujienlaiškius, kad nepraleisti naujienų. ;As a user of the website, I want to receive newsletters so that I don't miss any news.;1;1;1
Aš kaip e-svetainės vartotojas, noriu įsidėti į krepšelį norimas prekes, kad galėčiau jas nusipirkti.;As a user of the website, I want to add the desired products to the cart in order to purchase them.;1;1;1
Aš kaip e-svetainės vartotojas, noriu ištrinti prekes iš krepšelio. ;As a user of the website, I want to delete items from the cart.;1;0;1
Aš kaip interneto svetainės administratorius, noriu turėti galimybę išsitraukti ataskaitą apie programėlės vartotojus, kad žinočiau kiek yra aktyvių vartotojų. ;As a website administrator, I want to be able to pull a report on the users of the app to know how many active users there are.;1;1;1
Aš kaip interneto svetainės administratorius, noriu turėti integruotą analitiką, kad galėčiau stebėti svetainės veikimą ir vartotojų įsitraukimą.;As a website administrator, I want to have built-in analytics to monitor website performance and user engagement.;0;1;0
Aš kaip interneto svetainės lankytojas, noriu matyti pritaikytą turinį pagal mano interesus, kad galėčiau greičiau rasti mane dominančią informaciją.;As a website visitor, I want to see content tailored to my interests so I can find the information I'm interested in faster.;1;1;1
Aš kaip IT administratorius, noriu personalo procesų sistemoje priskirti įrangą darbuotojui, kad būtų tvarkingai sužymėta. ;As an IT administrator, I want to assign equipment to an employee in the personnel process system so that it is properly tagged.;1;1;1
Aš kaip IT administratorius, noriu personalo procesų sistemoje sukurti įrašą apie įrangą, kad galėčiau priskirti darbuotojui.;As an IT administrator, I want to create an equipment record in the HR process system to assign to an employee.;1;1;1
Aš kaip el. svetainės lankytojas, noriu turėti DUK skyrių, kad galėčiau greitai gauti atsakymus į dažniausiai užduodamus klausimus.;I like email website visitor, I want to have a FAQ section so I can get quick answers to frequently asked questions.;1;1;1
Aš kaip lojalumo sistemos programuotojas, noriu sukurti registracijos puslapį, kad atsirastų daugiau klientų.;As a loyalty system programmer, I want to create a registration page to get more customers.;1;1;1
Aš kaip lojalumo sistemos vartotojas, noriu atsijungti nuo paskyros, kad niekas daugiau nenaudotų mano paskyros. ;As a loyalty system user, I want to log out of my account so that no one else can use my account.;1;1;1
Aš kaip lojalumo sistemos vartotojas, noriu matyti ant atspausdinto čekio savo lojalumo taškus, kad galėčiau pasinaudoti atsiskaitymo metu.;As a user of the loyalty system, I want to see my loyalty points on the printed receipt so that I can use them at checkout.;1;1;1
Aš kaip lojalumo sistemos vartotojas, noriu palikti atsiliepimą, kad žinotų kliento nuomonę.;As a user of the loyalty system, I want to leave a review to know the customer's opinion.;1;1;1
Aš kaip mobilios programėlės  vartotojas, noriu redaguoti savo profilio duomenis.;As a mobile app user, I want to edit my profile data.;1;0;1
Aš kaip mobilios programėlės vartotojas, noriu draugui išsiųsti automobilio plovimą, kad draugas galėtų išsiplauti automobilį.;I, as a user of the mobile app, want to send a car wash to a friend so that the friend can wash the car.;1;1;1
Aš kaip mobilios programėlės vartotojas, noriu gauti degalinių nuolaidas pagal savo geografinę vietą.;As a mobile app user, I want to receive gas station discounts based on my geographic location.;1;0;1
Aš kaip mobilios programėlės vartotojas, noriu gauti nuolaidas degalams per šventes ir specialias dienas, kad galėčiau dar daugiau sutaupyti.;As a mobile app user, I want to get gas discounts during holidays and special days to save even more.;0;1;0
Aš kaip mobilios programėlės vartotojas, noriu gauti papildomas nuolaidas, kai rekomenduoju degalinę programėlėje.;As a user of the mobile app, I want to get additional discounts when I recommend a gas station in the app.;1;0;1
Aš kaip mobilios programėlės vartotojas, noriu gauti personalizuotas kuro nuolaidas, atsižvelgiant į mano kelionių istoriją.;As a mobile app user, I want to receive personalized fuel discounts based on my travel history.;1;0;1
Aš kaip mobilios programėlės vartotojas, noriu gauti pranešimus apie kuro nuolaidas, kad niekada nepraleisčiau progos sutaupyti.;As a user of the mobile app, I want to receive notifications about fuel discounts so that I never miss an opportunity to save.;1;1;1
Aš kaip mobilios programėlės vartotojas, noriu gauti pranešimus apie riboto laiko nuolaidas, kad galėčiau greitai jomis pasinaudoti.;As a mobile app user, I want to receive notifications about limited time discounts so I can take advantage of them quickly.;1;1;1
Aš kaip mobilios programėlės vartotojas, noriu matyti artimiausių kelių degalinių kainų palyginimą, kad rinkčiausi pigiausią.;As a user of the mobile app, I want to see the price comparison of the nearest gas stations in order to choose the cheapest one.;1;1;1
Aš kaip mobilios programėlės vartotojas, noriu matyti atsiliepimus apie degalines, kurios siūlo nuolaidas, kad galėčiau rinktis kokybiškas paslaugas.;As a mobile app user, I want to see reviews of gas stations that offer discounts so that I can choose quality services.;1;1;1
Aš kaip mobilios programėlės vartotojas, noriu matyti nuolaidas artimiausioje degalinėje, kad galėčiau lengvai rasti pigesnį kurą.;As a mobile app user, I want to see discounts at the nearest gas station so I can easily find cheaper fuel.;1;1;1
Aš kaip mobilios programėlės vartotojas, noriu matyti nuolaidų akcijas įvairioms kuro rūšims, kad pasirinkčiau geriausią variantą.;As a mobile app user, I want to see discount promotions for different types of fuel to choose the best option.;1;1;1
Aš kaip mobilios programėlės vartotojas, noriu matyti nuolaidų istoriją, kad galėčiau stebėti, kada buvo geriausios akcijos kurui.;As a mobile app user, I want to see discount history so I can track when the best fuel deals were.;1;1;1
Aš kaip mobilios programėlės vartotojas, noriu matyti praeities kuro kainų pokyčius, kad žinočiau, kada buvo geriausios nuolaidos.;As a mobile app user, I want to see past fuel price changes so I know when the best discounts were.;1;1;1
Aš kaip mobilios programėlės vartotojas, noriu turėti galimybę dalintis kuro nuolaidomis su draugais, kad kartu sutaupytume.;As a mobile app user, I want to be able to share fuel discounts with friends to save together.;1;1;1
Aš kaip mobilios programėlės vartotojas, noriu turėti galimybę iš anksto užsisakyti kurą su nuolaida, kad sutaupyčiau.;As a mobile app user, I want to be able to pre-order discounted fuel to save money.;1;1;1
Aš kaip mobilios programėlės vartotojas, noriu turėti galimybę išnaudoti kauptus taškus  kitoms prekėms.;As a mobile app user, I want to be able to use accumulated points for other goods.;1;0;1
Aš kaip mobilios programėlės vartotojas, noriu turėti galimybę naudoti programėlės nuolaidas ir užsienio degalinėse.;As a mobile app user, I want to be able to use app discounts at foreign gas stations as well.;0;0;0
Aš kaip mobilios programėlės vartotojas, noriu turėti galimybę naudotis nuolaidomis per kelis įrenginius.;As a mobile app user, I want to be able to use discounts across multiple devices.;1;0;0
Aš kaip mobilios programėlės vartotojas, noriu turėti galimybę pamatyti ateinančių nuolaidų datas, kad galėčiau planuoti kuro pirkimą.;As a mobile app user, I want to be able to see upcoming discount dates so I can plan my fuel purchases.;1;1;1
Aš kaip mobilios programėlės vartotojas, noriu turėti galimybę peržiūrėti savo visų laikų sutaupytus pinigus naudojant nuolaidas.;As a mobile app user, I want to be able to view my all-time savings with discounts.;1;0;1
Aš kaip mobilios programėlės vartotojas, noriu turėti lojalumo programą, kad galėčiau kaupti taškus ir gauti kuro pigiau;As a mobile app user, I want to have a loyalty program so I can collect points and get cheaper fuel;0;1;0
Aš kaip mobilios programėlės programuotojas, noriu automatizuoti loterijos laimėtų prizų priskyrimą vartotojams, kad nereikėtų to daryti rankiniu būdu. ;As a mobile app developer, I want to automate the allocation of lottery winning prizes to users so that it doesn't have to be done manually.;1;1;1
Aš kaip mobilios programėlės programuotojas, noriu sukurti funkciją QR kodo skanavimą per programėlę, kad vartotojai galėtų identifikuoti degalinės numerį. ;As a mobile app developer, I want to create a QR code scanning feature through the app so that users can identify the gas station number.;1;1;1
Aš kaip mobilios programėlės programuotojas, noriu sukurti galimybę fotografuoti čekį ir įkelti prie pirkimo istorijos, kad įrašai būtų vienoje vietoje. ;As a mobile app developer, I want to create an option to take a photo of a receipt and upload it to the purchase history to keep records in one place.;0;1;0
Aš kaip mobilios programėlės programuotojas, noriu sukurti integraciją su kita lojalumo kortele, kad vartotojai daugiau naudotų šią programėlę.;As a mobile app developer, I want to create an integration with another loyalty card so that users can use this app more.;1;1;1
Aš kaip mobilios programėlės programuotojas, noriu sukurti įvairias animacijas.;As a mobile app developer, I want to create various animations.;1;0;1
Aš kaip mobilios programėlės testuotojas, noriu simuliuoti skirtingas lokacijas, kad ištestuočiau kitų degalinių paslaugų funkcionalumą. ;As a mobile app tester, I want to simulate different locations to test the functionality of other gas station services.;1;1;1
Aš kaip mobilios programėlės testuotojas, noriu turėti galimybę įjungti kasoje naktinį režimą, kad galėčiau ištestuoti programėlės paslaugų funkcionalumus. ;As a mobile app tester, I want to be able to enable night mode at the checkout to test the functionality of the app's services.;1;1;1
Aš kaip mobilios programėlės testuotojas, noriu turėti galimybę susimuliuoti degalų apmokėjimus, kad ištestuočiau funkcionalumus. ;As a mobile app tester, I want to be able to simulate gas payments to test functionality.;1;1;1
Aš kaip mobilios programėlės vartotojas, noriu  turėti galimybę pasirinkti mėgstamiausią degalinę, kad galėčiau ją greičiau surasti.;As a mobile app user, I want to be able to select my favorite gas station so I can find it faster.;1;1;1
Aš kaip mobilios programėlės vartotojas, noriu naujienų skiltyje matyti naujienas, kad galėčiau paskaityti.;As a mobile app user, I want to see the news in the news section so I can read it.;1;1;1
Aš kaip mobilios programėlės vartotojas, noriu gauti push pranešimus apie programėlės atsinaujinimą, kad galėčiau tinkamu metu atnaujinti.;As a mobile app user, I want to receive push notifications about app updates so that I can update at the right time.;1;1;1
Aš kaip mobilios programėlės vartotojas, noriu įjungti biometriką, kad atsiskaitymo metu, nereikėtų vesti PIN kodo. ;As a mobile app user, I want to enable biometrics so that I don't have to enter a PIN code during checkout.;1;1;1
Aš kaip mobilios programėlės vartotojas, noriu įkelti nufotografuotą kelionės lapą, kad nereikėtų visų duomenų vesti ranka.;As a mobile app user, I want to upload a photo of the travel sheet so that I don't have to enter all the data by hand.;1;1;1
Aš kaip mobilios programėlės vartotojas, noriu matyti apsipirkimų istoriją, kad žinočiau išleistą pinigų sumą. ;As a mobile app user, I want to see my shopping history to know the amount of money spent.;1;1;1
Aš kaip mobilios programėlės vartotojas, noriu matyti degalinių sąrašą su plovyklomis kai esu neįsijungęs lokacijos, kad galėčiau pasirinkti reikiamą degalinę. ;As a user of the mobile app, I want to see a list of gas stations with car washes when I am offline, so that I can choose the required gas station.;1;1;1
Aš kaip mobilios programėlės vartotojas, noriu matyti degalų kainą, kad žinočiau kiek kainuoja. ;As a user of the mobile app, I want to see the fuel price so I know how much it costs.;1;1;1
Aš kaip mobilios programėlės vartotojas, noriu matyti savo lojalumo nuolaidas.;As a mobile app user, I want to see my loyalty discounts.;1;0;1
Aš kaip mobilios programėlės vartotojas, noriu nusipirkti automobilio plovimą per programėlę, kad nereikėtų eiti į degalinę.;As a mobile app user, I want to buy a car wash through the app so I don't have to go to the gas station.;1;1;1
Aš kaip mobilios programėlės vartotojas, noriu pabendrinti programėlę draugui, kad draugas galėtų atsisiųti programėlę. ;As a mobile app user, I want to share the app to a friend so that the friend can download the app.;1;1;1
Aš kaip mobilios programėlės vartotojas, noriu pagrindiniame lange matyti turimus automobilio plovyklos abonementus, kad žinočiau kiek turiu aktyvių abonementų.;As a user of the mobile app, I want to see the available car wash subscriptions in the main window so that I know how many active subscriptions I have.;1;1;1
Aš kaip mobilios programėlės vartotojas, noriu palikti atsiliepimą, kad žinotų kliento nuomonę.;As a mobile app user, I want to leave a review to know the customer's opinion.;1;1;1
Aš kaip mobilios programėlės vartotojas, noriu pasidalinti su draugais apie pasiektą kitą lojalumo lygį.;As a mobile app user, I want to share with my friends about the next level of loyalty achieved.;1;0;1
Aš kaip mobilios programėlės vartotojas, noriu pasinaudoti lojalumo kortele per telefoną, kad greičiau atsiskaityti.;As a user of the mobile app, I want to use the loyalty card over the phone to pay faster.;1;1;1
Aš kaip mobilios programėlės vartotojas, noriu prisidėti bankinę kortelę, kad galėčiau atsiskaityti.;As a user of the mobile app, I want to add a bank card to pay.;1;1;1
Aš kaip mobilios programėlės vartotojas, noriu prisidėti kelias lojalumo korteles, kad matyčiau savo kaupimus. ;As a mobile app user, I want to contribute multiple loyalty cards to see my savings.;1;1;1
Aš kaip mobilios programėlės vartotojas, noriu sukurti piniginės saugos kodą.;As a mobile app user, I want to create a wallet security code.;1;0;1
Aš kaip mobilios programėlės vartotojas, noriu suvesti nuolaidos kodą, kad gaučiau nuolaidą kitam apsipirkimui.;As a mobile app user, I want to enter a discount code to get a discount on my next purchase.;1;1;1
Aš kaip mobilios programėlės vartotojas, noriu turėti galimybę filtruoti degalines.;As a mobile app user, I want to be able to filter gas stations.;1;0;1
Aš kaip mobilios programėlės vartotojas, noriu turėti galimybę ištrinti pasirinktus filtrus prie degalinių sąrašo, kad matyčiau pilną sąrašą.;As a user of the mobile app, I want to be able to delete selected filters on the list of gas stations to see the full list.;1;1;1
Aš kaip mobilios programėlės vartotojas, noriu turėti galimybę ištrinti savo paskyrą, kad nebūtų aktyvi nenaudojama paskyra. ;As a user of the mobile app, I want to be able to delete my account so that I don't have an active unused account.;1;1;1
Aš kaip mobilios programėlės vartotojas, noriu turėti galimybę nusipirkti automobilio abonementą mėnesiui, kad nereikėtų pirkti kiekvieną dieną. ;As a mobile app user, I want to be able to buy a monthly car pass so I don't have to buy every day.;1;1;1
Aš kaip mobilios programėlės vartotojas, noriu turėti galimybę panaikinti prikabintą kelionės lapą, kad galėčiau įkelti naują su teisingais duomenimis. ;As a mobile app user, I want to be able to delete an attached trip sheet so I can upload a new one with the correct data.;1;1;1
Aš kaip mobilios programėlės vartotojas, noriu turėti galimybę pasirinkti kalbą, kad rodytų informaciją suprantama kalba.;As a mobile app user, I want to be able to choose a language to display information in an understandable language.;1;1;1
Aš kaip mobilios programėlės vartotojas, noriu turėti galimybę pasirinkti rinkodaros sutikimus, kad gaučiau specialius pasiūlymus. ;As a mobile app user, I want to be able to choose marketing consents to receive special offers.;1;1;1
Aš kaip mobilios programėlės vartotojas, noriu turėti galimybę paskaityti apie taisykles, kad žinočiau įmonės taisykles ir sąlygas. ;As a mobile app user, I want to be able to read the rules so I know the terms and conditions of the company.;0;1;0
Aš kaip mobilios programėlės vartotojas, noriu turėti galimybę prisidėti rekvizitus, kad atsiskaitymo galėčiau pasirinkti ir greičiau atsiskaityti. ;As a user of the mobile app, I want to be able to add details so that I can choose a payment method and pay faster.;0;1;0
Aš kaip mobilios programėlės vartotojas, noriu turėti galimybę programėlėje iš pasirinktos degalinės įjungti navigaciją, kad būtų greičiau.;As a user of a mobile app, I want to be able to activate navigation from the selected gas station in the app to make it faster.;1;1;1
Aš kaip mobilios programėlės vartotojas, noriu turėti galimybę sustabdyti užsakytą kurą nuotoliniu būdu.;As a mobile app user, I want to be able to stop the ordered fuel remotely.;1;0;1
Aš kaip mobilios programėlės vartotojas, noriu turėti paskyrą, kad galėčiau skaityti naujausius straipsnius ir atnaujinimus.;As a mobile app user, I want to have an account to read the latest articles and updates.;0;1;0
Aš kaip mobilios programėlės vartotojas, noriu užsakyti kuro pylimą nuotoliniu būdu, kad apmokėčiau už vairuotoją.;As a user of the mobile app, I want to order a fuel fill remotely to pay for the driver.;1;1;1
Aš kaip mobilios programėlės vartotojas, noriu užsiregistruoti į programėlę be nuolaidų kortelės, kad galėčiau gauti naują virtualią nuolaidų kortelę. ;As a mobile app user, I want to register for the app without a discount card to get a new virtual discount card.;1;1;1
Aš kaip mobilios programėlės vartotojoas, noriu turėti galimybę pasirinkti filtrus, kad surasčiau tinkamą parduotuvę.;As a mobile app user, I want to be able to select filters to find the right store.;1;1;1
Aš kaip naujas lojalumo vartotojas, noriu užsiregistruoti į sistemą, kad gaučiau nuolaidas.;As a new loyalty user, I want to register for the system to receive discounts.;1;1;1
Aš kaip parduotuvės personalo vadovas, noriu sistemoje sukurti nuolaidas savo darbuotojams, kad jie galėtų pasinaudoti. ;As a store HR manager, I want to create discounts in the system for my employees to take advantage of.;1;1;1
Aš kaip personalo vadybininkas, noriu automatizuoti laiškų siuntimą iš vienos sistemos, kad nereikėtų kiekvienam kandidatui rašyti atskirą  laišką.;As a HR manager, I want to automate the sending of letters from one system so that I don't have to write a separate letter for each candidate.;1;1;1
Aš kaip personalo vadybininkas, noriu gauti pranešimus iš personalo procesų sistemos, kai pasikeičia darbuotojų pareigos, kad paruoščiau dokumentus. ;I, as an HR manager, want to receive notifications from the HR process system when employees' duties change, in order to prepare documents.;1;1;1
Aš kaip personalo vadybininkas, noriu personalo procesų sistemoje matyti visų darbuotojų atostogas, kad žinočiau. ;As an HR manager, I want to see the leave of all employees in the HR process system so that I know.;1;1;1
Aš kaip personalo vadybininkas, noriu personalo procesų sistemoje sujungti kandidatų korteles su darbuotojų, kad būtų susieti įrašai.;As an HR manager, I want to link candidate cards to employee cards in the HR process system to link records.;1;1;1
Aš kaip personalo vadybininkas, noriu personalo procesų sistemoje turėti galimybę patvirtinti kasmėnesinius priedus, kad sutikrinti sumas. ;As an HR manager, I want to be able to approve monthly allowances in the HR process system to check the amounts.;1;1;1
Aš kaip personalo vadybininkas, noriu personalo procesų sistemoje turėti galimybę priskirti bandoojo laikotarpio užduotys darbuotojui, kad žinotų savo tikslus. ;As an HR manager, I want to be able to assign probationary tasks to an employee in the HR process system so that they know their goals.;1;1;1
Aš kaip personalo vadybininkas, noriu personalo procesų sistemoje turėti galimybę sukurti kandidato kortelę, kad galėčiau sužymėti kandidato informaciją. ;As an HR manager, I want to be able to create a candidate card in the HR process system to record candidate information.;1;1;1
Aš kaip personalo vadybininkas, noriu sistemoje matyti darbuotojų sąrašą, kad galėčiau tvarkyti jų dokumentus.;As a personnel manager, I want to see a list of employees in the system so that I can manage their documents.;1;1;1
Aš kaip personalo vadybininkas, noriu sistemoje tvirtinti darbuotojų atostogų prašymus, kad darbuotojai galėtų eiti atostogų. ;As an HR manager, I want to approve employee leave requests in the system so that employees can go on vacation.;1;1;1
Aš kaip personalo vadybininkas, noriu sukurti vidiniame intranete naujienų įrašą, kad galėčiau informuoti darbuotojus.;As an HR manager, I want to create a news post on the internal intranet to inform employees.;1;1;1
Aš kaip personalo vadybininkas, noriu tvarkyti komandiruočių įrašus, kad galėčiau paruošti įsakymus. ;As a personnel manager, I want to manage posting records so I can prepare orders.;1;1;1
Aš kaip programėlės administratorius, noriu stebėti vartotojų veiklos žurnalus, kad galėčiau sekti programėlės  naudojimo modelius.;As an app admin, I want to monitor user activity logs to track app usage patterns.;1;1;1
Aš kaip programėlės vartotojas, noriu atsiimti nemokamą kavą, kad galėčiau pasinaudoti sukauptu kuponu.;As a user of the app, I want to claim a free coffee to use the accumulated coupon.;1;1;1
Aš kaip programuotojas, noriu įgyvendinti neprisijungimo režimą, kad vartotojai galėtų toliau naudotis mobilią programėlę be interneto ryšio.;As a developer, I want to implement an offline mode so that users can continue to use the mobile app without an internet connection.;1;1;1
Aš kaip programuotojas, noriu įgyvendinti SEO geriausias praktikas, kad svetainė gerai reitinguotųsi paieškos sistemose.;As a programmer, I want to implement SEO best practices so that the website ranks well in search engines.;1;1;1
Aš kaip programuotojas, noriu optimizuoti svetainės įkrovimo laiką, kad lankytojai turėtų sklandžią patirtį.;As a developer, I want to optimize the site's loading time so that visitors have a smooth experience.;1;1;1
Aš kaip programuotojas, noriu padaryti sinchronizacija lojalumo sistemoje su mobilia programėle, kad rodytų tuos pačius duomenis. ;As a programmer, I want to synchronize the loyalty system with the mobile app to show the same data.;1;1;1
Aš kaip programuotojas, noriu pagerinti mobilios programėlės užsikrovimo laiką.;As a developer, I want to improve the loading time of my mobile app.;1;0;1
Aš kaip programuotojas, noriu sukurti automatinį kupono aktyvavimą, kad vartotojui nereikėtų aktyvuoti rankiniu būdu.;As a programmer, I want to create an automatic coupon activation so that the user does not have to activate manually.;1;1;1
Aš kaip programuotojas, noriu sukurti kvito spausdinimo išjungimą mobilioje programėlėje, kad pasirinkti nespausdinti kvitų.;As a developer, I want to create a receipt printing disable in a mobile app to choose not to print receipts.;1;1;1
Aš kaip programuotojas, noriu sukurti lojalumo taškų kaupimą, kad klientai galėtų kaupti taškus. ;As a programmer, I want to create a loyalty points collection so that customers can collect points.;1;1;1
Aš kaip programuotojas, noriu sukurti mėgstamiausių parduotuvių sąrašą, kad vartotojai galėtų sudaryti mėgstamiausią sąrašą.;As a programmer, I want to create a list of favorite stores so that users can create a favorite list.;1;1;1
Aš kaip programuotojas, noriu sukurti mobilioje programėlėje degalinių paieškos funkciją pagal adresą, kad vartotojai lengviau surastų.;As a programmer, I want to create a search function for gas stations by address in a mobile app, so that users can find them more easily.;1;1;1
Aš kaip programuotojas, noriu sukurti pagal dizainą nupieštą komponentą, kad galėčiau vėliau perpanaudoti.;As a programmer, I want to create a design-drawn component to reuse later.;1;1;1
Aš kaip programuotojas, noriu sukurti programėlės lokacijos įjungimo funkciją, kad vartotojai galėtų pasinaudoti paslaugomis ir atsiskaityti. ;As a programmer, I want to create a location enablement function for the app so that users can use the services and pay.;0;1;0
Aš kaip programuotojas, noriu sukurti vartotojui galimybę aktyvuoti kuponą, kad galėtų norimu laiku aktyvuoti. ;As a programmer, I want to create an opportunity for the user to activate the coupon so that he can activate it at the desired time.;1;1;1
Aš kaip registruotas vartotojas, noriu turėti galimybę atkurti savo slaptažodį, kad neprarasčiau prieigos prie savo paskyros.;As a registered user, I want to be able to reset my password so I don't lose access to my account.;1;1;1
Aš kaip suinteresuota šalis, noriu informuoti klientus apie taisyklių pakeitimus, kad klientai būtų informuoti.;As an interested party, I want to inform customers about the changes in the rules so that customers are informed.;1;1;1
Aš kaip suinteresuota šalis, noriu paslėpti programėlėje galimybę suvesti rekvizitus, kad klientai galėtų atsiskaityti per programėlę.;As an interested party, I want to hide the ability to enter details in the app so that customers can pay through the app.;1;1;1
Aš kaip suinteresuota šalis, noriu pridėti į mobilią programėlę animacijų, kad pritraukti daugiau klientų. ;As a stakeholder, I want to add animations to the mobile app to attract more customers.;1;1;1
Aš kaip suinteresuota šalis, noriu sukurti programėlėje žaidimą, kad pritraukti daugiau vartotojų.;As a stakeholder, I want to create a game in the app to attract more users.;1;1;1
Aš kaip suinteresuota šalis, noriu suteikti galimybę vartotojams peržiūrėti kelias skirtingas prekes tame pačiame puslapyje, kad nereikėtų iš naujo atidaryti svetainės lango. ;As a stakeholder, I want to enable users to view multiple different products on the same page without having to reopen the website window.;1;1;1
Aš kaip svetainės lankytojas, noriu pasikeisti paskyros slaptažodį, kad atnaujinti į saugesnį.;As a website visitor, I want to change my account password to upgrade to a more secure one.;1;1;1
Aš kaip svetainės lankytojas, noriu paskyroje pasikeisti telefono numerį, kad būtų įrašytas aktyvus telefono numeris. ;I, as a visitor of the site, want to change the phone number in my account to record an active phone number.;1;1;1
Aš kaip svetainės lankytojas, noriu turėti galimybę pranešti apie svetainės klaidas, kad programuotojai galėtų pataisyti. ;As a website visitor, I want to be able to report bugs on the website so that the developers can fix them.;1;1;1
Aš kaip svetainės lankytojas, noriu, kad svetainė būtų greita ir nereikalautų ilgo įkrovimo laiko, kad galėčiau greitai pasiekti norimą turinį.;As a website visitor, I want the website to be fast and not require long loading times so that I can quickly access the content I want.;1;1;1
Aš kaip svetainės lankytojas, noriu, kad svetainė būtų optimizuota mobiliesiems įrenginiams, kad galėčiau patogiai naršyti savo telefone.;As a website visitor, I want the website to be mobile optimized so I can browse comfortably on my phone.;1;1;1
Aš kaip svetainės lankytojas, noriu, kad svetainė būtų reaguojanti, kad ji atrodytų gerai bet kuriame įrenginyje.;As a website visitor, I want the website to be responsive so that it looks good on any device.;0;1;0
Aš kaip svetainės savininkas, noriu įtraukti kontaktinę formą, kad lankytojai galėtų lengvai su mumis susisiekti.;As a website owner, I want to include a contact form so that visitors can easily contact us.;1;1;1
Aš kaip testuotojas, noriu atlikti naudotojų patirties testavimą, kad įsitikinčiau, jog vartotojui sąsaja yra paprasta ir patogi.;As a tester, I want to do user experience testing to make sure that the interface is simple and convenient for the user.;0;1;0
Aš kaip testuotojas, noriu automatizuoti regresijos testus, kad galėčiau greičiau aptikti pasikartojančias klaidas.;As a tester, I want to automate regression tests so that I can find recurring bugs faster.;1;1;1
Aš kaip testuotojas, noriu gauti patvirtinimo kodus į el. paštą, kad nereikėtų jungtis į duomenų bazę. ;As a tester, I want to receive verification codes by email. mail to avoid connecting to the database.;1;1;1
Aš kaip testuotojas, noriu gauti pranešimus apie naujai išleistas programėles, kad galėčiau ištestuoti funkcionalumus. ;As a tester, I want to receive notifications about newly released apps so that I can test the functionalities.;1;1;1
Aš kaip mobilios programėlės vartotojas, noriu matyti pagal segemento lygį nuolaidas, kad žinočiau kiek reikia išleisti pinigų iki aukščiausio lygio. ;As a mobile app user, I want to see discounts by segment level so I know how much to spend to get to the top tier.;1;1;1
Aš kaip testuotojas, noriu įvertinti saugumo spragas, kad galėčiau užtikrinti, jog sistema yra apsaugota nuo galimų grėsmių.;As a tester, I want to assess security holes to ensure that the system is protected from potential threats.;1;1;1
Aš kaip testuotojas, noriu kurti integracijos testus, kad galėčiau patikrinti, ar visos sistemos dalys veikia kartu be klaidų.;As a tester, I want to create integration tests to verify that all parts of the system work together without errors.;0;1;1
Aš kaip testuotojas, noriu naudoti API testavimo įrankį, kad patikrinčiau duomenų mainų tarp sistemų kokybę ir patikimumą.;As a tester, I want to use an API testing tool to test the quality and reliability of data exchange between systems.;0;1;0
Aš kaip testuotojas, noriu naudoti klaidų prioritetų nustatymo sistemą, kad galėčiau efektyviai paskirstyti savo testavimo laiką ir išteklius.;As a tester, I want to use a bug prioritization system to efficiently allocate my testing time and resources.;0;1;0
Aš kaip testuotojas, noriu naudoti testavimo aplinką, kuri imituoja tikras sąlygas, kad galėčiau tiksliau atkurti klaidas.;As a tester, I want to use a test environment that simulates real conditions so that I can more accurately reproduce errors.;1;1;1
Aš kaip testuotojas, noriu naudoti testavimo scenarijų įrašymo įrankį, kad galėčiau greičiau sukurti funkcinius testus.;As a tester, I want to use a test script recorder to create functional tests faster.;1;1;1
Aš kaip testuotojas, noriu simuliuoti skirtingas tinklo sąlygas, kad galėčiau užtikrinti aplikacijos veikimą įvairiose situacijose.;As a tester, I want to simulate different network conditions so that I can ensure the performance of the application in various situations.;1;1;1
Aš kaip testuotojas, noriu sukurti automatinius testus, kad testavimas vyktų greičiau. ;As a tester, I want to create automated tests to make testing faster.;1;1;1
Aš kaip testuotojas, noriu turėti aiškiai apibrėžtus testavimo kriterijus, kad galėčiau užtikrinti testavimo proceso kokybę ir išsamumą.;As a tester, I want to have clearly defined testing criteria so that I can ensure the quality and completeness of the testing process.;0;1;0
Aš kaip testuotojas, noriu turėti centralizuotą klaidų registravimo sistemą, kad galėčiau lengvai peržiūrėti ir valdyti visus atrastus defektus.;As a tester, I want to have a centralized bug logging system so that I can easily review and manage all discovered defects.;0;1;0
Aš kaip testuotojas, noriu turėti galimybę atnaujinti testų scenarijus pagal sistemos pakeitimus, kad mano testai visada atitiktų naujausią versiją.;As a tester, I want to be able to update test scripts based on system changes so that my tests are always up to date.;1;1;1
Aš kaip testuotojas, noriu turėti galimybę kurti testų ataskaitas automatiškai, kad sutaupyčiau laiko ir galėčiau susitelkti į klaidų analizę.;As a tester, I want to be able to generate test reports automatically so that I can save time and focus on bug analysis.;0;1;0
Aš kaip testuotojas, noriu turėti galimybę stebėti realaus laiko sistemų našumą, kad galėčiau identifikuoti spūstis ir našumo problemas.;As a tester, I want to be able to monitor real-time system performance to identify bottlenecks and performance issues.;0;1;0
Aš kaip testuotojas, noriu turėti prieigą prie klaidų stebėjimo įrankio, kad galėčiau stebėti klaidų pasikartojimus ir jų prioritetą.;As a tester, I want to have access to a bug tracker to monitor bug recurrences and their priority.;0;1;0
Aš kaip testuotojas, noriu turėti prieigą prie testavimo duomenų bazės, kad galėčiau patikrinti sistemos duomenų vientisumą.;As a tester, I want to have access to the test database to check the data integrity of the system.;1;1;1
Aš kaip testuotojas, noriu vykdyti mobiliųjų įrenginių testus, kad įsitikinčiau, jog programėlė veikia skirtinguose įrenginiuose.;As a tester, I want to run mobile tests to make sure the app works on different devices.;1;1;1
Aš kaip testuotojas, noriu vykdyti streso testus, kad galėčiau patikrinti sistemos stabilumą didelio krūvio sąlygomis.;As a tester, I want to run stress tests to check system stability under high load conditions.;1;1;1
Aš kaip testuotojas, noriu vykdyti testus skirtingose naršyklėse, kad užtikrinčiau sistemų suderinamumą.;As a tester, I want to run tests in different browsers to ensure system compatibility.;1;1;1
Aš kaip turinio valdytojas, noriu paprastai naudojamos turinio valdymo sistemos, kad galėčiau atnaujinti svetainės turinį be techninių žinių.;As a content manager, I want an easy-to-use content management system to update website content without technical knowledge.;1;1;1
Aš kaip vartotojas, noriu aktyvuoti kuponą programėlėje, kad pasinaudočiau lojalumo nuolaidomis.;I, as a user, want to activate the coupon in the app to take advantage of the loyalty discounts.;1;1;1
Aš kaip mobilios programėlės vartotojas, noriu dalintis savo pasiekimais, kad galėčiau parodyti savo progresą draugams.;As a mobile app user, I want to share my achievements to show my progress to my friends.;1;1;1
Aš kaip vartotojas, noriu dalyvauti mobilios programėlės žaidime, kad laimėčiau prizą.;I, as a user, want to participate in a mobile app game to win a prize.;1;1;1
Aš kaip vartotojas, noriu gauti greitą ir efektyvią pagalbą per integruotą pagalbos centrą, kad galėčiau išspręsti savo problemas nedelsiant.;As a user, I want to receive fast and efficient support through the integrated help center so that I can solve my problems immediately.;1;1;1
Aš kaip vartotojas, noriu gauti pranešimus apie naujausius produkto atnaujinimus, kad galėčiau iškart juos įdiegti ir naudoti naujas funkcijas.;As a user, I want to be notified of the latest product updates so that I can immediately install them and use the new features.;0;1;0
Aš kaip vartotojas, noriu gauti push pranešimus apie naujas žinutes, kad galėčiau būti informuotas realiu laiku.;As a user, I want to receive push notifications about new posts so that I can be informed in real time.;1;1;1
Aš kaip vartotojas, noriu matyti išleistą pinigų sumą per mėnesį, kad galėčiau žinoti savo išlaidas.;As a consumer, I want to see the amount of money spent per month so that I can know my expenses.;1;1;1
Aš kaip vartotojas, noriu matyti kiek laiko aktyvuotas kuponas, kad žinočiau per laiko panaudoti.;As a user, I want to see how long the coupon has been activated so that I know when to use it.;1;1;1
Aš kaip vartotojas, noriu matyti sukauptų taškų sumą, kad galėčiau juos panaudoti. ;As a user, I want to see the amount of accumulated points so that I can use them.;1;1;1
Aš kaip vartotojas, noriu nupirktą automobilio plovimą persiųsti draugui, kad draugas galėtų pasinaudoti. ;As a user, I want to forward the purchased car wash to a friend so that the friend can use it.;1;1;1
Aš kaip vartotojas, noriu pritaikyti aplikacijos temą, kad galėčiau suasmeninti savo patirtį.;As a user, I want to customize the app theme to personalize my experience.;1;1;1
Aš kaip vartotojas, noriu sinchronizuoti savo aplikacijos duomenis tarp kelių įrenginių, kad galėčiau turėti sklandžią patirtį.;As a user, I want to sync my app data between multiple devices so I can have a seamless experience.;1;1;1
Aš kaip vartotojas, noriu turėti blogo skyrių, kad galėčiau skaityti naujausius straipsnius ir atnaujinimus.;As a user, I want to have a blog section to read the latest articles and updates.;0;1;0
Aš kaip vartotojas, noriu turėti galimybę paspausti žemėlapyje ant degalinės, kad pamatyčiau degalinės informaciją.;As a user, I want to be able to click on a gas station on the map to see the gas station information.;1;1;1
Aš kaip vartotojas, noriu turėti galimybę prisijungti su savo socialinio tinklo paskyra prie mobilios programėlės, kad galėčiau nekurti naujos paskyros.;As a user, I want to be able to sign in with my social network account to the mobile app so I don't have to create a new account.;1;1;1
Aš kaip vartotojas, noriu turėti galimybę užsakyti prekių pristatymą į namus, kad nereikėtų važiuoti.;As a consumer, I want to be able to order home delivery so that I don't have to drive.;1;1;1
Aš kaip vartotojas, noriu turėti paieškos funkciją svetainėje, kad galėčiau greitai rasti reikiamą informaciją.;As a user, I want to have a search function on the website so that I can quickly find the information I need.;1;1;1
Aš kaip vartotojas, noriu turėti programėlės pamokas, kad galėčiau efektyviai naudotis visomis funkcijomis.;As a user, I want to have tutorials on the app so that I can use all the features effectively.;1;1;1
Aš kaip vartotojas, noriu turėti tiesioginį pokalbio funkciją, kad galėčiau gauti tiesioginę pagalbą naršydamas el. svetainėje.;As a user, I want to have a live chat feature so I can get live help while navigating my email. on the website.;1;1;1
Aš kaip vartotojas, noriu, kad mano asmeniniai duomenys būtų saugūs, kad galėčiau saugiai naudotis mobilia programėlė.;As a user, I want my personal data to be safe so that I can use the mobile app safely.;1;1;1
Aš kaip vartotojas, noriu, kad mobili programėlė veiktų ir be interneto ryšio, kad galėčiau ją naudoti visur ir visada.;As a user, I want the mobile app to work even without an internet connection so that I can use it anywhere and anytime.;0;1;0
Aš kaip vartotojas, po atlikto apmokėjimo mobiliojoje programėlėje, noriu įvertinti apmokėjimo procesą.;As a user, after making a payment in the mobile app, I want to evaluate the payment process.;1;1;1
Aš kaip vartotojas,noriu turėti galimybę prisidėti kelias bankines korteles, kad turėčiau pasirinkimą.;As a user, I want to be able to contribute several bank cards so that I have a choice.;1;1;1
Aš kaip verslo klientas, noriu atnaujinti programėlės dizainą, kad pritraukti daugiau vartotojų.;As a business customer, I want to update the design of the app to attract more users.;1;1;1
Aš kaip verslo klientas, noriu ištrinti keturių metų senumo nenaudojamus varototjų lojalumo taškus.;As a business customer, I want to delete four years old unused consumer loyalty points.;1;0;1
Aš kaip verslo klientas, noriu naujai užregistruotui klientui rodytų sveikinimo animaciją.;As a business customer, I want to show a welcome animation to a newly registered customer.;1;0;1
Aš kaip verslo klientas, noriu nustatyti kuro kiekio limitą, kad klientai įsipyltų tik nustatytą kuro kiekį.;As a business customer, I want to set a limit on the amount of fuel, so that customers only fill in the specified amount of fuel.;1;1;1
Aš kaip verslo klientas, noriu nustatyti prekių pinigų sumos limitą, kad klientai neviršytų nustatytos sumos. ;As a business customer, I want to set a limit on the amount of money for goods so that customers do not exceed the set amount.;1;1;1
Aš kaip verslo klientas, noriu pridėti į lojalumo sistemą naują lygį, kad vartotojai turėtų didesnes nuolaidas. ;I, as a business customer, want to add a new level to the loyalty system so that consumers have greater discounts.;1;1;1
Aš kaip verslo klientas, noriu pridėti į programėlės langą naują paslaugą, kad klientai galėtų pasinaudoti. ;As a business customer, I want to add a new service to the app window for customers to use.;1;1;1
Aš kaip verslo klientas, noriu uždrausti daryti QR kodo ekrano nuotraukas, kad vartotojai sąžiningai naudotusi tik savo lojalumo nuolaidomis.;As a business customer, I want to ban taking screenshots of the QR code so that consumers can only use their loyalty discounts fairly.;1;1;1
Aš vartotojas, noriu, kad mobili programėlė veiktų ir be interneto ryšio, kad galėčiau ją naudoti visur ir visada.;I'm a user, I want the mobile app to work offline so I can use it anywhere and anytime.;0;1;0
Aš kaip programuotojas, noriu turėti galimybę kurti vieningą klaidų valdymo sistemą, kad galėčiau lengviau sekti ir tvarkyti programos klaidas.;As a programmer, I want to be able to create a unified error management system so that I can more easily track and manage program errors.;0;1;0
Aš kaip programuotojas, noriu turėti prieigą prie testavimo automatizavimo įrankių, kad galėčiau išbandyti savo kodą.;As a programmer, I want to have access to test automation tools to test my code.;1;1;1
Aš kaip programuotojas, noriu naudoti konteinerizavimo technologijas, kad galėčiau lengviau perkelti ir paleisti aplikacijas įvairiose aplinkose.;As a developer, I want to use containerization technologies to make it easier to move and run applications in different environments.;0;1;0
Aš kaip programuotojas, noriu integruoti nepertraukiamo diegimo (CI/CD) procesą, kad galėčiau greičiau diegti naujas versijas į gamybinę aplinką.;As a developer, I want to integrate a continuous deployment (CI/CD) process so that I can deploy new versions faster to a production environment.;1;1;1
Aš kaip programuotojas, noriu turėti galimybę naudoti kodo profiliavimo įrankius, kad galėčiau optimizuoti programos našumą.;As a programmer, I want to be able to use code profiling tools to optimize my application's performance.;1;1;1
Aš kaip programuotojas, noriu turėti prieigą prie duomenų bazių optimizavimo įrankių, kad galėčiau pagerinti duomenų valdymo našumą ir efektyvumą.;As a programmer, I want to have access to database optimization tools to improve data management performance and efficiency.;0;1;0
Aš kaip programuotojas, noriu naudoti automatizuotą kodo dokumentavimo įrankį, kad galėčiau lengvai generuoti dokumentaciją savo projektams.;As a programmer, I want to use an automated code documentation tool to easily generate documentation for my projects.;1;1;1
Aš kaip programuotojas, noriu kurti modulinę kodo architektūrą, kad galėčiau lengviau prižiūrėti ir keisti programos dalis.;As a programmer, I want to create a modular code architecture so that I can more easily maintain and change parts of the application.;0;1;0
Aš kaip programuotojas, noriu naudoti kodo šablonus ir bibliotekas, kad pagreitintų programavimo procesą ir sumažinčiau rankinio darbo apimtis.;As a programmer, I want to use code templates and libraries to speed up the programming process and reduce manual work.;0;1;0
Aš kaip programuotojas, noriu turėti galimybę atlikti apkrovos testus, kad galėčiau įvertinti sistemos elgesį esant dideliam vartotojų srautui.;As a programmer, I want to be able to run load tests to evaluate system behavior under heavy user traffic.;1;1;1
Aš kaip programuotojas, noriu naudoti priklausomybių valdymo įrankius, kad galėčiau lengvai tvarkyti bibliotekas ir išvengti priklausomybių konfliktų.;As a programmer, I want to use dependency management tools to easily manage libraries and avoid dependency conflicts.;0;1;0
Aš kaip programuotojas, noriu naudoti kodų refaktoringo įrankius, kad galėčiau pagerinti esamo kodo struktūrą be funkcionalumo keitimo.;As a programmer, I want to use code refactoring tools to improve the structure of existing code without changing functionality.;1;1;1
Aš kaip programuotojas, noriu naudoti klaidų stebėjimo įrankius, kad galėčiau greitai aptikti ir išspręsti problemas gamybinėje aplinkoje.;As a developer, I want to use bug tracking tools to quickly detect and resolve issues in a production environment.;0;1;0
Aš kaip programuotojas, noriu naudoti API testavimo įrankius, kad galėčiau patikrinti, ar API veikia tinkamai ir atitinka specifikacijas.;As a developer, I want to use API testing tools to verify that the API is working properly and meets the specifications.;0;1;0
Aš kaip programuotojas, noriu naudoti versijų palyginimo įrankius, kad galėčiau lengvai analizuoti skirtumus tarp kodo versijų.;As a programmer, I want to use version comparison tools to easily analyze the differences between code versions.;1;1;1
Aš kaip programuotojas, noriu kurti išplėstinius klaidų pranešimus, kad galėčiau greičiau diagnozuoti problemas ir sutrumpinti klaidų taisymo laiką.;As a programmer, I want to create advanced error messages so that I can diagnose problems faster and reduce the time it takes to fix bugs.;0;1;0
Aš kaip programuotojas, noriu naudoti saugos testavimo įrankius, kad galėčiau aptikti ir pašalinti potencialias saugumo spragas programoje.;As a programmer, I want to use security testing tools to detect and fix potential security holes in an application.;0;1;0
Aš kaip mobilios programėlės vartotojas, noriu turėti galimybę matyti degalinės WC kodą, kad galėčiau pasinaudoti. ;As a user of the mobile app, I want to be able to see the WC code of the petrol station so that I can use it.;1;1;1
